{
  "_generated": "Generated by SweetTooth, do not edit", 
  "description": "Places a button to the left of the Window List to hide all windows, and the overview when active, and show the current desktop(credit: MGSE, erguille, madkristoff, mbokil). \n\nv11:tray will vanish. support for 3.10 and up hopefully....\nv10: Message Tray option returns, can add to the center of the tray. \n*New icon(thanks madkristoff!)* \nPosition setting in prefs tool. \ntodo: icon setting, add hide overview switch, compat w/show desktop from overview extension.", 
  "extension-id": "show-desktop-button", 
  "gettext-domain": "show-desktop-button", 
  "localedir": "/usr/share/locale", 
  "name": "Show Desktop Button", 
  "settings-schema": "org.gnome.shell.extensions.showdesktopbutton", 
  "shell-version": [
    "3.4", 
    "3.6", 
    "3.8", 
    "3.10"
  ], 
  "url": "https://github.com/l300lvl/Show-Desktop-Button", 
  "uuid": "show-desktop@l300lvl.tk", 
  "version": 12
}