{
  "_generated": "Generated by SweetTooth, do not edit", 
  "description": "Places a button to the left of the Window List to hide all windows, and the overview when active, and show the current desktop(credit: MGSE, erguille, madkristoff, mbokil). v10: Message Tray option returns, can add to the center of the tray. *New icon(thanks madkristoff!)* Position setting in prefs tool. todo: icon setting, add hide overview switch, compat w/show desktop from overview extension.", 
  "localedir": "/usr/share/locale", 
  "extension-id": "show-desktop-button", 
  "gettext-domain": "show-desktop-button", 
  "settings-schema": "org.gnome.shell.extensions.showdesktopbutton", 
  "name": "Show Desktop Button", 
  "shell-version": [
    "3.4",
    "3.6"
  ], 
  "url": "https://github.com/l300lvl/Show-Desktop-Button", 
  "uuid": "show-desktop@l300lvl.tk", 
  "version": 10
}
