{
  "_generated": "Generated by SweetTooth, do not edit", 
  "description": "Places a button to the left(default) of the App Menu to hide all windows, and the Overview if active, and show the current desktop. Panel location can be changed via prefs. The visible icon changes when you have toggled hiding/showing of the desktop. Can now be controlled via space/keyboard as well, when hovered, this can be achieved with ctrl/alt/tab/panel/arrows/space or enter. Eventually actual keybinding will happen(v22??).  \n\n *icon credit madkristoff(thanks, this is _still_ the only icon created and submitted!)* \n(credit:madkristoff, jonnius, mbokil, simonthechipmunk, MGSE, erguille, mikechaberski, mathematicalcoffee, asan, spinus, Xes, gcampax, magcius). \n v21: cleanup v20 store toggle mode when panel location changed remove st.bin fix settings leak this is stable now! \nv20 Huge release lots of cleanup, now works with space or enter when hovered, also restores focus to last focused window. \n v19 localized thanks to jonnius, icon now toggles modes to indicate status of windows. \n v18 stylesheet removed, now uses system style, more cleanup & notations. \n v17 placement option returns, left right or center only for now. \n todo: icon setting, keybinding, better pleacement", 
  "extension-id": "show-desktop-button", 
  "gettext-domain": "show-desktop-button", 
  "localedir": "/usr/share/locale", 
  "name": "Show Desktop Button", 
  "settings-schema": "org.gnome.shell.extensions.showdesktopbutton", 
  "shell-version": [
    "3.10", 
    "3.12", 
    "3.14", 
    "3.16", 
    "3.15.91", 
    "3.15.92"
  ], 
  "url": "https://github.com/l300lvl/Show-Desktop-Button", 
  "uuid": "show-desktop@l300lvl.tk", 
  "version": 21
}
