{
  "_generated": "Generated by SweetTooth, do not edit", 
  "description": "Places a button to the left(by default) of the Window List to hide all windows, and the overview if active, and show the current desktop. The visible icon changes when you have toggled hiding/showing of the desktop.  \n(credit:madkristoff, jonnius, mbokil, simonthechipmunk, MGSE, erguille, mikechaberski, mathematicalcoffee, asan, spinus, Xes, gcampax, magcius). \n*icon credit: madkristoff* \nv19, localized thanks to jonnius, icon now toggles modes to indicate status of windows. \nnv18 stylesheet removed, now uses system style, more cleanup & notations. \nv17 placement option returns, left right or center only for now. \nv15: minimizes and restores only unminimized windows again v14: now a proper button, position settings coming back soon, major cleanup \nv11:tray will vanish. support for 3.10 and up hopefully.... \n*New icon(thanks madkristoff!)* \nPosition setting in prefs tool. \ntodo: icon setting, add hide overview switch", 
  "extension-id": "show-desktop-button", 
  "gettext-domain": "show-desktop-button", 
  "localedir": "/usr/share/locale", 
  "name": "Show Desktop Button", 
  "settings-schema": "org.gnome.shell.extensions.showdesktopbutton", 
  "shell-version": [
    "3.10", 
    "3.12", 
    "3.14", 
    "3.16", 
    "3.15.91", 
    "3.15.92"
  ], 
  "url": "https://github.com/l300lvl/Show-Desktop-Button", 
  "uuid": "show-desktop@l300lvl.tk", 
  "version": 19
}
